,text,label
2607,tuloy na tuloy na BBM FOR PRESIDENT,0
932,Yani [USERNAME] Let Leni Lead Chareng,0
279,Lapit na ng eleksyonBasta ako i will go for ISKO and Doc Willie Ong for president and vp respectivelyRaffy TulfoRobin PadillaLuke Espiritu and Samira Gutoc for senators,0
202,[USERNAME] [USERNAME]and[USERNAME] Marriage is about love it's not gender every person has the right in terms of love.,0
1892,We need leaders with the same style as what President Rodrigo Duterte is doing now for the next six years. PHVote Vote PHWe DecideHalalan,0
2261,even ka leody de guzman made the effort to participate in the presidential interview kahit hindi siya ininvite and meanwhile bbm is,0
2313,LIVE Presidential aspirantKa Leodyde Guzman joins BJPCsConversations with Candidatesa program featuring various electoral aspirants for Halalan Follow this thread for live updatesHF Coverage Watch the live here facebook com Conversations with Candidates Ka Leody de Guzman PresidentialSamahan si LJ Abadinas na alamin at kilatisin ang mga hangarin para sa bansa ni presidential candidate Ka Leody de Guzman dito sa,0
453,Minarcos ko lang po Gobyernong Tapat Angat Buhay LahatKakampinkLet Leni Lead,0
1492,Nanahimik yata si binay sa tanim-bala isyu?busy na sa pangangampanya?,0
2257,Chin [USERNAME] Let Leni Lead STORYMAKER [USERNAME] KUNG PERSONAL AGENDA N SARA PARA SA PAGKA PRESDENTE AY YUNG D PAYAGAN ANG CC NA MAKAPASOK SA BANSA AT MAKULONG S DUTS MAY PERSONAL AGENDA DN S LEN ANG MASALBA ANG BANSA SA KORAPSYON AT KAHRAPAN. PERSONALAN NA TO!,0
1757,Mag nakapag interview naba kay Ka Leody de Guzman? Kung bakit mas marami pang bumoto kay Faisal Mangondato kesa sa kanya?,0
728,NOW: The CNNPHPresidential Debate begins inminutes. Follow this thread for updates on presidential aspirants former Secretary of National Defense Norberto Gonzales and Dr. & Atty. Jose Montemayor Jr. : Marvin John F. Uy/The VarsitarianPH Vote We Decide[USERNAME],0
1614,Let Leni Kiko Lead Ipanlo Na10 To,0
1668,Hindi maganda ang survey sa Senators Double time mga ka BBM SARA Ipasok natin sila Gadon,0
1507,Doc Willie Ong for Department of Health (DOH),0
886,Alessandras Husband & Sir Charles Father [USERNAME] Let Leni Lead,0
375,[USERNAME]is a Kakampink,0
2585,[USERNAME] Si Faisal Mangondato hahahahaha char.,0
655,VP BINAY SA OMBUDSMAN: DI PA TAPOS ANG REPORT NG COA [USERNAME] [USERNAME],0
1811,BBM Cares to ALL who Cares for the Filipino one way to unify is to careAng galing nangBBM SARA,0
1424,sana naipapakita rin sa tv si Ka Leody De Guzman kasi presidential aspirant din siya mas deserving siya maipakita sa tv kesa don sa no show,0
1755,[USERNAME] We all have the RIGHT to DEMANDWe all have the RIGHT to EXPECT MOREAfter all trabaho nila yunAnd WE are the one who are paying themMay we have a BETTER COUNTRY kasi deserve naman natinVote Wisely Halalan,0
645,Let Leni Lead Leni Robredo,0
1342,Binay takes swipe at Poe Halalan2016 | via ABS-CBN News,0
1400,Norberto Gonzales is such a Teddy Bear,0
2066,"[USERNAME] [USERNAME]andothers True. Have u seen doc Willie's vid? May mga taga[USERNAME]daw na nagdidikta sa kanilang gawing mas ""interesting"" ung debate dahil ""ang baba ng views"" Considering na major media org yan international haSMNIPresidential Debate is more credible ",0
235,We need a president whose intention is to serve and help the country rise again We Choose Marcos Choose BBMBBM SARA,0
1353,sir rizalito david,0
347,Doc Willie Ong deserves better.,0
1013,Ang cute sir Ernie and Bert I remember Sesame Street!Mahal po kayo ng mga Pilipino Sir Ernesto Abella and Sir Norberto Gonzalez!,0
821,glitch na may onting cover chariz ewan q rin sa bandlabrosas cover < mehehheAngat Buhay Lahat Hello Pagkain Goodbye Gutom,0
724,[USERNAME]and[USERNAME] Taga PAMPANGASS bka maiba ilabas na result Leni Robredo For President Leni Kiko Team,0
1454,"Pareho na kayo ni Binay ng depensa. ""Paulit-ulit na lang; may mga naninira etc"". Fact remains there are questions you both need to address.",0
987,[USERNAME]and[USERNAME] Let Leni Lead Kakampink Leni Kiko,0
658,LABANLENI,0
393,[USERNAME] Bagong branding Palpak ba ang kakampink? ang kulay rosas ang bukas?,0
2088,Faisal Mangondato attending the CNN Presidential Debate even though Tagalog is not his native tongue..... Meanwhile yung isa.....,0
1187,Personal Ranking on the performance of the candidates during the CNN PH VP Debate Vice PresidentWalden BelloKiko PangilinanManny LopezCarlo SerapioTito SottoWillie OngRizalito David,0
2045,LeniKiko Angat Buhay Lahat,0
1067,Grabe na kayo! Proud na proud ako sa inyo! Ingat kayo dyan[USERNAME] [USERNAME]Don BelleLeni Kiko All The WayKakampink,0
1210,ka leody de guzmans answers are all on point! if only may malaking makinerya lang sha just like d other candidates siguro in the nextyrs may sarili at may magandang natl industry na tayo,0
207,TV5 Aksyonsa Tanghali | VP Binayitinigil muna ang pangangampanya bilang paghahanda sa susunod na debate,0
1575,Bday boy VP Binay at Sta Clara parishPasay City [USERNAME],0
326,[USERNAME] Caloocan City Bongbong Marcos,0
1979,put wonu in a pink suitkakampink na sha,0
2645,I liked a [USERNAME] video from [USERNAME]Mar Roxas grilled on CNN with Andrew Stevens,0
2482,Anxiety hits me real hard today saw some videos and photos showing that people s vote might be manipulated tomorrow Ilaban at ipanalo natin to please Leni Robredo For President Ipanlo Na10 Para Sa Lahat Angat Buhay Lahat,0
214, Leni for President,0
1665,[USERNAME]and[USERNAME] Si Lito Atienza po ang ka-tandem niya.,0
1001,Bumoto para sa PILI pinas at kapwa Pilipino punto per puntosana lang talaga maliwanagan na ang boto ay di para sa pulitiko na sinusuportahan kundi sa kinabukasan ng bayan at sambayanan Kulay Rosas Ang Bukas Halalan,0
2513,Strong and powerful message from someone who survived Martial Law Nobody recovers from the pain of martial lawHindi natin Golden years yun Ms Boots Anson Roaneveragain votewiselypilipinas Gobyernong Tapat Angat Buhay Lahat facebookcom Eleonore 42K viewslikeslovescommentsshares Facebook Watch Videos from Eleonore Iguban Strong and powerful message from someone who survived Martial LawNobody recovers from the pain,0
972,CNN Philippines website taken down by DDoS attack during presidential debate despite Cloudflare protectionHalalan,0
1316,Riseand Shine Pilipinas | Presidential candidate Faisal Mangondato at running mate Carlos Serapio nag-concede na rin,0
535,akala ko b/b/m yung bunso namin. pinahawak niya phone niya saken tapos nakita ko Let Leni Lead let s goooo,0
140,[USERNAME] For the nation and its people may the truth and integrity always prevailThe Phil SCANVote,0
475,RT [USERNAME]: [USERNAME] Thank youate binay! ?? God bless x,0
1425,I really feel sad for Ka Leody De Guzman Ka Leody I love you but I love VP Leni and Im not willing to trade my vote for anyone but for Leni onlyRun for senate next election please! I will campaign for you personally,0
2799,Akala ko sImarvin Agustin ang presidente ni Bob Ong? Char Kakampink,0
2074,Si Mar Roxas lang ang kayang magpaliwanag ng platapormang malinaw pa sa sikat ng araw. Yung ibang kandidatonagpapanggap lang na may alam.,0
360,thal [USERNAME] Why Leni? Let Leni Lead,0
2420,SA INANG BAYAN Mas Marami Tayo Panalo Na Tayo Ro Ro2016 Roxas Rising,0
160,ahrlessk [USERNAME] sa isyu ng drug war kontraktuwalisasyon at na red-tagging bagsak talaga 'tong si robredo. hindi dapat i-Let Leni Lead. Anjo Cagmat Alimario [USERNAME] [USERNAME] and [USERNAME] Robredo says the entire task force has been cast in a bad light because of careless statements of some of the members. [USERNAME],0
2675,Grace is as good and natural a public speaker as Chiz is bad. PiliPinas Debates 2016,0
2381,Inilalaban po namin kayo[USERNAME]at[USERNAME] Naway umayon ang tadhana at sabay sabay nating salubungin ang bukas na kulay rosas Kakapit kami hanggang dulo upang ipanalo kayo at ang tropang Angat!Ipanlo Na10 ToLet Leni Kiko Lead,0
1446,[USERNAME] pang apat nga lang kanina si Mar Roxas e ????,0
1592,Strange undecided pple. Ready to jump d gunconclude/judge watevr that coms out of Mar's mouth. BUT SILENT w/ Grace PoeDuterteBinay,0
2728,Bilang pinalaki ng 2NE1 patugtugin nyo please yung I AM THE BEST at FIRE sa NCR Grand Rally sa sabado ha!!! NCRSouth Grand Rally Kakampink[USERNAME],0
259,Found this in FBStarve the trolls!! Iyakin For Leni Kiko Liwanag Sa Dilim Tayo Ang Liwanag Kakampink Tuloy Tayo Para Sa Lahat,0
2253,Mar Roxas. Tarunga bisaya pls,0
2694,the lito atienza core he's indeed a manileno,0
1349,spontaneous human combustion [USERNAME] Let Leni Lead phantom,0
514,[USERNAME] These people fight by spreading malicious information which incites anger intent to urge rebellious behavior from their fellow supportersMeanwhile we fight because of our erennial love of country Have a blessed SundayProud to be Kakampink kulay rosas ang magmahal,0
2053,Grace Poe might be good. But I don't think we need a Maria Clara attitude approach to our harsh and severe government. Pili Pinas Debates2016,0
1014, for the win of our Great Nation Wag na sa Puppet ng Oligarko!,0
1771,Wala ako sa rally peri naiiyak ako Kakampink Leni Kiko,0
2144,[USERNAME] For the majority I hope you know what you signed up for And when the time comes you realize you were wrong we wont gloat We will accept you with open arms Thats the real unity We can only hope you wont take too long to realize Angat Buhay Lahat,0
1601,BINAY GAME TOO STRONG HAHAHAHAHHAHA,0
59,NOW: The second Pili Pinas Debates,0
51,[USERNAME] Hindi talaga siya handa Mas kaya ni Leody de Guzman ang tanungan,0
1310,Sen. Poe reminds VP Binay that he is where he is now because of his teachers in response to Binay's statements the other day | [USERNAME],0
1350,nah Maurine RTBin Bulacan [USERNAME] the world is healing Let Leni Lead mavy [USERNAME] Nakakatuwa naman mabasa to sa Tiktok Let Leni Lead,0
2557,Former National Security Adviser Norberto Gonzales believes that the camp of fellow presidential candidate Vice President Leni Robredo has been infiltrated by communist groups. DANDANCASTRO,0
1710,Just added the screenshots for easier referenceThe author is asking to spread for awarenessHalalan,0
1644,Angat Buhay Lahat,0
103,Paano ka mag-aaral nang maayos kung kumakalam ang sikmura mo? says Kiko Pangilinan.Tanungin natin yung mga bata na nagaaral sa ilalim ng papaya tree ano? CNNPHVPDebate PHvote We Decide,0
1443, [USERNAME] and [USERNAME] Let leni lead,0
664,Idaan niyo din si Binay kay Karen Davila pls,0
1645,In his parting message presidentiable and Manila Mayor Isko Moreno acknowledged fellow candidates Sen Manny Pacquiao and labor leader Leody de Guzman who like them came to humble beginnings[USERNAME]Bilang Pilipino,0
2286,napakasolid!!! valpink Leni Kiko,0
1282,Nasaan na ung gagawa ka kuno ng paraan para makadalo? LENIDUWAG din. SMNIpresidentialdebateEleksyon2022,0
1470,from fb to twitter the amount of leni kiko supporters are vv overwhelming this isnt a campaign its a movement already voter or not you have the right to chose your candidate because this is for your or our future! Ipanlo Na10 To Leni Kiko,0
687,Bakla anong ganyan ganyan? Let Leni Lead tayo!,0
1671,BinayDuterteSantiago all have health problems that need to be disclosed.,0
1464,You guys call that a Debate???? Seriously???!?Huwag kayo magtaka kung bakit konti ang viewers. BTW Thanks Doc Willie Ong. Your honesty is much appreciated.,0
1611,President: Rodrigo Duterte Vice President: Bongbong Marcos Secretary: Miriam Santiago Muse: Grace Poe Cleaners: Mar Roxas Jejomar Binay,0
1482,Honasan: Ill be first to stand up vs Binay if corruption proven,0
2109,fankoy [USERNAME] [USERNAME] May pak-pak talaga ito. Ang bilis nyang iniwan sa ere si koko. Matapos nilang gulohin ang partido kay lito atienza din lang pala ang bagsak nya.Pang ilang partido na ba yan?,0
1951,melo [USERNAME] Dec Ask Lito Atienza,0
846,If Duterte is runningthen Miriam is runningtangina ang hirap mamili -_- Hahahaha,0
1593,Sino ba tlaga totoo Bong Bong Is Real VP or Leni The Real VP RECOUNT for fair Transaparency Basta si Ate si ONLY BINAY,0
561,[USERNAME] Balita ko si Leody de Guzman daw,0
754,Ipanalo na natin ito para sa lahat! Angat Buhay Lahat Leni Kiko,0
789,Ganda ganda lalo ni Nadine LustreLeni Kiko,0
181,[USERNAME] Ang mga Kakampink in Paris!!!manifesting,0
2472,Okay buti na lang rd ko sa linggo Let Leni Kiko Lead,0
1556,Yung paglalabas nalang ni VP [USERNAME] ng kan'yang SALN regularly ang nagpapatunay na sobrang deserving n'ya na maging pangulo ng Pilipinas. Hindi n'ya lang sinabi 'yun kundi nagawa na n'ya at ipagpapatuloy pa. Let Leni Lead Leni Matapang Leni Robredo,0
2492,Heresmy take before mamanindigan as Kakampinka thread I was a Solid BBM Supporter before and apercent Solid Bubblies as wellIt came to my attention that Don Belle is in Tanglaw Laguna Rally,0
1678,IN SPIRIT REPRESENT!!!!! AT PARA SA HINDI CRUSH NG CRUSH KO FOR LENIKIKO!!!!Angat Buhay LahatTanglaw Laguna RallyKulay Rosas Ang LagunaLeni Kiko,0
2760,[USERNAME] Omg mamBaq nka boto na Angat Buhay Lahat,0
551,Sobrang proud ko talaga sa father ko and partner nia for being so supportive sa volunteers Thank you so muchIpanalo Na10 To Angat Buhay Lahat Leni Kiko,0
947,BBM SARA ANG PRESEIDNET AT BISE PRESIDENTE NAMIN AT WALANG MAKAKAPIGIL SAAMIN,0
828,glad to see some teume kakampinks Talindeg Pangasinan Galila Leni La Pangasinan Is Pink Angat Buhay LahatLeni Kiko,0
2627,Kakampink Pasay Is Pink NCRGrand Rally,0
1070,[USERNAME] Salamat po sa pagtindig Mr Rizalito David!!!,0
464,Aybuti pa kayo nakabili sa cubao NBS walang nakakarating meron doon si binay ang cover ALDU BSecret Admirer,0
474,i'm sorry but faisal mangondato's voice sounds like du30... CNNPHPresidential Debate,0
2470,Proud to be Kakampink! Never regretted my support for Leni Kiko,0
528,Latest Pulse Asia SurveyBBM gotpercent while Leni haspercent [USERNAME] [USERNAME] BBM Is My President,0
484,[USERNAME] Bilang karagdagan ang amin pong lugar ay hindi pa naabot ng mga house to house campaign at nais po naming manguna na iparamdam at ipakilala ang radikal na pagmamahal sa mga lugar na ito na pawang mga aba at mga nasa laylayan ng lipunanKakampink,0
1090,[USERNAME]and[USERNAME] Good morning kakampink,0
1468,wait natin desisyon ng INC kung sinong iboboto!BBM SARA,0
2380, [USERNAME] Wala kayong makukuha dyan. At mas radikal ang magmahal. Magpasabog na lang tayo ng kabutihan. Let Leni Lead Leni Robredo2022,0
1853,Heres my sample ballot! Tumindig at ipanalo na natin ito! Let Leni Kiko Lead Angat Buhay Lahat Ipana7o Na10 to Eleksyon,0
1270,[USERNAME] Laban MarcosBBM SARA,0
2188,[USERNAME] lito atienza yarn?,0
1239,I know she has health issues pero I am still banking on [USERNAME] She is still my choice. Excuse me po Mr. Binayhindi po talaga... sorry.,0
620,Im still awake! am Pinapanood ko lang naman lahat ng Rallysni VP Leni grabii Solid Kakampinks akoLet Leni Kiko LeadLeni Kiko,0
2512,Sa Gobyernong Tapat Angat Buhay Lahat! New Profile Pic Let Leni Kiko Lead,0
2094,[USERNAME] May 8,0
686,Happy Friday PILI pinas espsa mga kaUniteam!Twitter Party set today starting atam days left to MayHalalan,0
1148,[USERNAME] Thank you God bless your family for your generousity Pangasinan Is Pink Talindeg Pangasinan Angat Buhay Lahat Leni Kiko,0
1948,proud of you doc willie ong! never ka nanira ng candidates sa politics para lang mahype ka!,0
1054,Galet na galetsa mga santo na nakasuot ng pink samantalang yung StoNi o sa San Beda naka uniform at ID paKakampink,0
2788,pink represents a time of joy amid a period of penance and prayer good fridaykakampinkkulay rosas ang bukas @ Basilica of Saint Martin de Tours Taal Batangas instagram com Nepmarie Robles Sales[USERNAME]Instagram photos and videos,0
642,ang saya nakita ko si mama hawak yung poster ng Angat Buhay Lahat kasi nagkakabit na sila dito saminour neighbor even askedLeni bayan? lagyan nyo yung samin Iboboto ko sya eh,0
969,[NATION] PANOORIN: Sagot ni VP Binay sa mga akusasyon| via ABS-CBN News,0
1190,Grabe ka Ka Leody De Guzman HAHAHA,0
1171,HAHAHAHAHAHAHAHAHAHA SHOT PUNO HAHAHAHAHAHA [USERNAME] [USERNAME] [USERNAME] [USERNAME] Let Leni Lead THE SHOT PUNO MOVEMENT!!! HAHAHAHAHAHAAHAH,0
2299,[USERNAME]and[USERNAME] The most qualified sen Ping Lacson LACSONSOTTO,0
697,Sec.Mar Roxas for the win !!! Mar Roxas All Theway,0
443,sorry not sorry roxas please humabol ka. ?? #Ph Vote,0
108,Reposted from[USERNAME]Nasa ating pagkakaisa ang pag-asa ng ating bansa!My President BBMMahalin Natin Ang Pilipinas Sama Sama Tayong Babangon Muli bongbongmarcos BBM,0
2621,Let Leni Lead Dapat Si Leni dahil siya ang Karapat dapat ctto,0
619,"Honasan says ""pag nanalo si VP Binayparang nanalo na rin ako."" | via [USERNAME]",0
1445, Sa Gobyernong Tapat Angat Buhay Lahat!PLEASE VOTE WISELY!!! MAY GOD BLESS THE PHILIPPINES!! Let Leni Kiko Lead LENIwanagsa DILIM Leni Kiko,0
1729,[USERNAME] Filipinos have this fantasy that Duterte is an all-benevolent being who can wield so much power and not get poisoned by it,0
1925,Finally kakita ra jud kog frame for bankers like me! HahahaIpanalo na natin ang Gobyernong tapat para sa lahat!Unlad Para Sa BayanBankers For Leni KikoAngat Buhay LahatLet Leni Lead,0
1963,CommentBBM pa rin!!! RasonBasta Tallano goldBBM SARA,0
1549,[USERNAME] Todays highlight me thinks? Let Leni Lead,0
621,Getting goosebumps Laban Leni,0
2018,Here we go again Jose Montemayor Jr. grandstanding. One of the few things we should revamp in our constitution is the criteria we have for leaders-elect. Clearly he and Baby M are nuisances only adding noise to the elections.Pili Pinas Debates2022,0
751,Be Bianca Gonzales in this world full of Toni Gonzaga.Kulay Rosas Ang Bukas Leni Kiko,0
1656,Today marks the start of Overseas Voting We encourage our registered OFW Kababayans to vote for the betterment of our country! The overseas voting for President VP Senators and Party List will be done until MayBantay Boto,0
2063,grabe!! bumalik lang ako sa fb para mag palit ng pfp yesterday mga fact checkers for Leni Kiko Na realize ko na halos lahat ng friends ko nag palit din Ipanlo Na10 To,0
833,The soothing voice of Sec Ernie Abella SMNI The Deep Probe,0
964,ang wish q ay maging Kulay Rosas Ang Bukas,0
2624,Once For Leni Let Leni Lead Leni Kiko,0
172, [USERNAME] [USERNAME] said Let Leni Lead,0
2388,Hindi paninira ang pagsasabi ng totooLeni Angat Sa Lahat Angat Buhay Lahat,0
138,It could have been a defining moment for Grace Poe if she agreed to talk to Mar Roxas. SAYANG POE,0
1500,LinoLENc acid is an omega-THREE ESSENTAL fatty acid. Leni is the third female president of the Philippines by Lugaw is essential. PLE,0
740,Mahalin natin ang pilipinias at iboto si marcos!,0
2262,RT [USERNAME]: Paalala: Imbey si Binay sa tanong tungkol sa corruption. Wala daw syang tinatago. Gets nyo?https://,0
213,DITO AKO SA GUBYERNONG TAPAT AT ANGAT kakampinkAngat Buhay Lahat,0
317,BBM Is My President,0
2532,beh may nagsabi sakin na kaya 'raw' ako naging KAKAM-PNK dahil sa DONBELLE pero di nila alam August palang nag t-tweet nako about Kay VP Leni tapos ung hashtag noon na Let Leni Lead :),0
644,[USERNAME] [USERNAME] [USERNAME] [USERNAME] [USERNAME]baka naman paki imbestigahan ang nagpakalat ng tweet at post sa fbGrabe na po ang bash na nakukuha ni Kath dahil ditoGinagamit ang picture ni KathKakampink Protect Kathryn At All Cost,0
891,[USERNAME] wala nmn mapapala ky erap. malakas si VP Binay kahit wla siya. Only Binay In Makati San Ka Pa,0
2667,Ang galing nung mga nag pinta netoLeni Robredo,0
2552,Angat Buhay Lahat Kulay Rosas Ang Bukas,0
563,j [USERNAME] Let Leni Lead,0
2083,Lau [USERNAME] Let Leni Lead Leni Robredo2022 by [USERNAME] kay [USERNAME] Kakampink Artworks Let Leni Lead Leni Robredo2022,0
1618,ano 'tong sinasabi ni Lito Atienza na kapag nagbuntis na ang lalaki? so kapag baog ang babae bawal magpakasal? HAHAHAHAHAHAHAHHAHAHAHAHAHA pukengina,0
2459,Bskit ngayon lang kayo aware sa mga pekeng gamot na yan Eh kami nga plagi ganyan binibigay sa lola Sa generic Di nga namin iniinom kahit pagkain nga peke dinBBM SARA,0
255,[USERNAME] [USERNAME] madali lng para ky Binay ang makipag usap sa mga tao dahil alam pano maging mahirap. Only Binay Nangabak Ilocos,0
1106,[USERNAME] Belated Happy Bday VP! tulad ng lahat sa Mayna regalo koko pa pinagkatiwala ang boto ko sayo di alo nagka mali kaya ngayon,0
1607,Paano kami magcampaign for[USERNAME]and[USERNAME]sa Ilocos Sur?Umabot sa point na nagprint kami mismo ng flyersphoto from my cousin So please please sana umabot sila Tao Sa TaoAngat Buhay Lahat Kulay Rosas Ang Bukas,0
2060,Pati Ang Kalangitan KAKAMPNK. Let Leni Lead Leni For President2022,0
0,Binay: Patuloy ang kahirapan dahil sa maling pamamahala [USERNAME],0
238,wala ngiba vp Binay lang Only Binay Nangabak Ilocos,0
1461,pulaangkulayngrosasUNi Team BBMSARAMarcoletaforsenator [USERNAME] Germany,0
2361,jeti [USERNAME] Let Leni Lead Chef Gelo Guison [USERNAME][USERNAME] are those muslim clowns?,0
2326,mind conditioning is realthe other parties are now resorting to false surveys appearing leni robredo as only in 3rdano na team leni kiko? alam ko di totoo yan pero madaling maniwala ang mga tao dyancan we also subscribe to an orchestrated survey? LENI ROBREDO kakampink,0
4,doc willie ong and isko sabunutan po,0
1722,LP black ops vs PoeBinaybaredManila News Asia,0
599,BBM ka ba? Eto mga Senators mo May listahan na rin ba mga kakampink? Pa share naman sa comments,0
1725,junmyeon lito atienza ootd inspo,0
1076,[USERNAME] Hello po Wala pong nag aral sa mga anak ni Leody de Guzman sa Ateneo Check,0
745,tapos malumanay na malumanay yung pagkakasabi ni doc willie ong,0
1410,Matic na nakapink frame follow back agadWalang nakakalamanKakampink Bilang Pilipino,0
1638,Looking forward ako para sa Victory Party ni President Leni Robredo [USERNAME] sa May Yes i-claim natin yan!!! Leni Kiko All The Way,0
1826,[USERNAME]and[USERNAME] Wala ka naman nagawa sa Maynila....dumami lang iskwater at mabahong estero.,0
613,[USERNAME] Anong plot ito?Baka palabasin nila natalo si Leni dahil dinaya sya at lamang sya sa mga survey hahaha What a jokeBasta ako BBM SARA,0
940, strong Kakampinks! AS OF :30PM!Hoy Grabe kayo Naga! Oragon! BIkolano! Gobyernong Tapat Angat Buhay Ang Lahat Kulay Rosas Ang Bukas Ipanalo Na10 Para Sa Lahat Leni Kiko All The Way,0
488,[USERNAME] Slay girls!!! ROSA Halalan,0
1570,Binay: This is the eve of our freedom from poverty by [USERNAME],0
1347,Cebu friends kitakits sa rally! Feel free to share and use my Kakampink headerUban Tang Leni Ug Kiko,0
228,I will vote Leni for the better future of mykids! For EthanandEllie!! Let Leni LeadKakampink,0
2362,Kinukumbinse ngayon nila PNoy at Mar Roxas sina Grace Poe at Miriam Defensor-Santiago na umatras sa Halalan 2016....,0
2229,Binay and Roxas never failed to annoy me. Every single time.,0
1153,Heard re: voters receipt. DU30 ? Roxas Cheating!!!!!! ??????,0
265,[USERNAME] [USERNAME] Binay parin Poe.Para ma Defensor niya tayo sa ibang bansa.At mapalaya ang mga nakakulong sa Roxas twing DUTERTE,0
178,Guv: LP is not behind Binay boos |Cebu Sinulog2016,0
1448,Miariam[USERNAME] Dec[USERNAME] Mabuhay kayo BBM SARA,0
723,BBMSigaw Ng Bayan,0
507,Anyare COMELECComelec May Kulay,0
1606,Doc Willie Ong for DOH Secretary please.[USERNAME] [USERNAME],0
2178,BBM SARAH,0
2752,Hope amidst chaos I will never forget these days where Leni and the Filipino people granted upon me rays of light even though dark moments were extremely present in my life Forever grateful to pure souls that guides us to the right path Liwanag Sa Dilim Angat Buhay Lahat,0
500,[USERNAME] thankyoulaban para sa UNITEAMBBM SARA,0
747,Please take note mga kaUniteam Go BBMBBM SARA,0
321,In new Mar Roxas adDaniel Padilla tells voters: Huwag magpaloko sa eleksyon,0
1332,Depressing? Yesbut let's look down further. Combine Poe and Roxas' votes aloneand you get a number higher than Du30's current total.,0
258,nday Sana [USERNAME] yellowtae pala nanay ni PRRD? Let Leni Lead Adobong Panis BDSM2022,0
495,After watching Tito Boy interview with VP Lenican say thatwas voted the right Vice President way back And nowknow she will be a great leader of the Philippines. Leni is our hope! Let Leni Lead Leni Angat Buhay Lahat Leni For President,0
1703,[USERNAME] You made the right decisionWelcome to the Kakampink club,0
867,Halalan2022,0
1814, Professors ko nag cocomment sa mga Kakampink Post! tamang School napag aralan ko! IPANALO NA NA10 TO!! Pres Nadine4 Pres Leni Let Leni Lead,0
1889,She has been consistenly showing us who she isin her words and deedsLeni Kiko All The Way Leni Kiko,0
2734,[USERNAME] bumoto ng nararapat bumoto ng karapatdapat para sayo para sa pamilya mo at para sa sambayanang Pilipino Halalan,0
1066,Cameron LiButti [USERNAME] Ad Remember! twittercom Follow Me Here,0
2247,"Duterte: ""Binayhe talk about criminalityhe can talk about drugsbut certainlyhe can't talk about corruption"" - PCCPSofitel",0
830,PPCRV - KBP TALLY Partial/Unofficial result as of 5:50pm Duterte1 311 23630.27% Poe...,0
2050,Presidential Candidates: Zodiac Signs Edition (Part )Norberto Gonzales - Aries Faisal Mangondato - Capricorn Jose Montemayor Jr - Libra Ernie Abella - unknown (based in my research only his birth year lang ang nakalagay.),0
522,Of course naman Aside from VP Leni and the other one kasi theres also Ka Leody De Guzman so,0
671,Hindi natin kaialngan ng isang Presidente na mangagaya duon tayo sa may totoong plano at magagawa Poe2016,0
746,nakaka inggit sana ol nakapunta sa rally campaign sa bauan mga vebz pahingi na lamang ako ng souvenir ni mamshie leni Batangas Is PinkAngat Buhay Lahat,0
1235,T minus 8days until the national election! Please ipanalo na naten to[USERNAME] Leni Kiko,0
2794,Five more days to go!!! Are you ready for the winds of change!!!Halalan,0
1082,[USERNAME] [USERNAME] Hahahha si Jejomar Binay? HAHAHHAHAHAHAHHAHAHAH,0
1252,ang gaganda ng ideas ni norberto gonzales infer. sana mabigyan siya ng position sa govt,0
1965,Poe: Ayaw natin ng gobyernong manhid Pili Pinas Debates 2016 (Ayoko rin po ng taong manhid lol),0
653,Babae ang mamumuno sa susunod na anim na taon Frame by Jeff CabalLet Leni Lead Kulay Rosas Ang Bukas KakampinkPsych For Leni,0
1863,sabi ng younger beaaa Let Leni Lead raw chos d p aq singer eme lng yn,0
721,Hui[USERNAME]gising!!! Baklasin ito dali!!! Anyare COMELEC,0
1345,The man literally built more public services for Manila's poor and fed the poorer citizens of Manila for months during COVID but he's anti-poor? I see. Weird champ logic.Switchtoisko Kay Isko Posible,0
935,excited na for SMNIDEBATES SMNIPresidential Debate SMNIelectionwatch,0
1010,Ipanlo Na10 Para Sa Lahat Laban Leni,0
2161,Mas lalo pang naging sigurado Let Leni Lead Angat Buhay Lahat,0
568,[USERNAME] Nako delikado sa eleksyon si Sir Lito Atienzatsk LGBTQIA are very unite. Thats the good thing about them.,0
381,Happy mother's day madam [USERNAME] bukas na po yung gift namin ah? Let Leni Lead Leni Kiko panalo Natin Para Sa Lahat,0
734,Ingat kayo mga Kakampink Catanduanes Is Pink,0
1173,OVP walang budget vs DOH na bilyon ang budget Angat Buhay LahatHusay At TibayLeni For President,0
1842,Lahat ng barangay health center kumpleto ng gamitgamotlibre sa mahirap tulad sa Makati -Binay Halalan2016 PiliPinas Debates 2016,0
2702,Anak ni presidential aspirant Ka Leody de Guzman walang coming out moment sa pamilya,0
2609,NGAYON SA Bandila - SantiagoBinayRoxas at Poeinilatag ang mgaplataporma sa harap ng mga negosyante. -...,0
2796,[USERNAME] and please let s not leave[USERNAME]behind if we vote for leni we vote for kiko!!!Leni Kiko,0
1708,VP Binay on income tax returns: We're the 2nd to the highest,0
77,Kulay Rosas Ang BukasLeni Liwanag Sa DilimKakampinkLeni Robredo,0
94,Leni Robredo For President Leni Kiko,0
70,[USERNAME] 7. protesters are now at the comelec office telling comelec to reject marcos-duterte as soon as possible. Marcos Duwag No To Marcos Duterte,1
911,WTF Philippines. Really? You'd choose MarPoe and Binay over MIRIAM? Outrage. Eleksyon2016,1
1886,The Kakampinks are publicly ignoring surveys from established firmsHowever their actions and activities are showing they are doing catch upIn that case they recognize they are falling behind the frontrunner as shown on survey resultsBeyond Politics Ph Halalan,1
1160,PULA ANG KULAY NG MAGNANAKAW MGA ULOL!,1
1104,LET LENI DIE!!!!!!!!!!!!!!!!!!!!!!,1
910,SUNOG NA AKO!! LAKAS KO MAKA BINAY.,1
1091,Paglipat ko sa gma si mar roxas bumungad NAKAKATAKOT PALA TALAGA,1
2782,"""BINAYIKAW ANG PRESIDENTE NAMIN DITO SA MANDALUYONG"" scary!!! in the news",1
1069,Tangina moSara DuterteHindi ka magtatagumpay sa agenda mong imilitarisa at icorrupt ang pag iisip ng mga kabataan estudyanteHangga t may ganitong krisis na umiiral sa lipunankasama lagi ang mga kabataan sa pag alsa nitoDemonyo ka,1
1799,"[USERNAME] kada may maririnig na lang talaga ako na pinapanood na video about sa ""lies"" ng mga marcos PATUGTUGIN ANG BLACK MAMBA TO THE HIGHEST LEVEL NG VOLUME!!!! SALAMAT AESPA!!!!! WHOOOOO!!!!!Marcos Magnanakaw Never Again Never Forget",1
1524,Dear Binaywag po ninyo bastusin ang world heritage. GAGO Kayo ng mga supporters mo!!!,1
1637,Yet [USERNAME] is so coward to join. Marcos Duwag Marcos Magnanakaw,1
955,Baka naman bukas leader na ng kulto si leni lugaw hahahha ganyan mga supporter nya mana sakanya mga lugaw at lutangBBM SARA,1
1801,"Sobrang nakakairita yung ""Nognog"" shitness ni Binay! Parang nang-de-degrade. ?? ??",1
2352,Sen.Poe disqualified by comelec! good decisionbut Im afraid baka si Duterte na ang next ma disqualifybahala na basta mawala lang si POE,1
2295,Binay: *complains that current government sucks* Binay: *is Vice President of current government* ?????,1
670,From Sino Ba Si Nognog to Sino Ba Ang Pandak real quick. Leche ka Binay pati ang mga nanahimik na pandak dinadamay mo! ??,1
119,Yang ang mga tinuro ng Democracy ni Corykong mga bastos at kulang sa gmrc Sa 30yrs na ginaganto nyo ang pamilya marcos Never kayo nakarinig ng masakit galing sakanilaPinapasadiyos nalang kayo hahhahahahah BBM SARAmamatay kayong lahat ng may galit sa pusoulul mga pa woke na tanga,1
276,IN YOUR FACEGRACE POE-TANGINA MO! no offense though,1
425,ddstanga Marcos Magnanakaw Marcos NOT a Hero,1
1374,Umay na kay mar roxas saka kay binay araw-araw mo ba naman makita sa TV nyo eh.??,1
1107,Gago Binay ?? Pili Pinas Debates 2016,1
364,WLA NG PINKILAWAN ANG MAKAKAUPO SA DALAWANG MATATAAS NA POSISYON OK RAPPLER THE LIER?,1
370,PJ [USERNAME] Marcos Magnanakaw,1
869,Mar Roxas Ph presd'l candidates Halalan2016 [USERNAME] [USERNAME] DONT USE CHILDREN UR AN INSULT 2 BANTAY BATA Du30,1
417,I heard the Binay radio ad... i almost stabbed myself. Know The Candidate,1
2577,"RT [USERNAME]: From ""nognogpandaklaki sa hirap"" to ""Only Binay"" real quick",1
1788,Inis na nga ko sa commercial ni Binaydumagdag pa 'tong si Roxas. Sige mag parinigan kayo mga ewan. ??,1
1690,RT [USERNAME]: Kainis yung patalastas ni Binay pinupush yung nognog e ano naman ano mangyayare,1
1555,Go vote for Binay and I promise to unfriend and block you on facebook haha,1
959,OMG! Binura ni DJ yung about kay Mar Roxas sa Tweets nya? :3 1st Kdkn Solidarity Conference,1
1306,RT [USERNAME]: Putangina nakakairita na kada pinapalabas yung ad ni Binay!,1
1486,bakit si roxas ayaw pumunta? di lang kasi boo abutin niya! GO VP BINAY! binay for president Nog Nog Sinunog onlybinay,1
2785,Trending VP Binay because of the open letter. Sabagay may punto nga naman si Ms Cynthia. Ano ba kasi nagawa ni VP Binay as Vice President?..,1
1485,"RT [USERNAME]: Laughtrip sa bagong commercial ni Binay. Nilait ng nilait yung sarili ???? Puro ""NOGNOG"" ang narinig ko. Nandamay ka pa hahaha",1
840,si lito atienza yung filler candidate tapos once lang sumali sa debate wala pang sinabing tama,1
713,tangina naman leni umurong kana,1
712,Sigurado ako hindi Goldilocks cake ni Binay for his birthday.,1
1596,DayaangDilaw ang kapal ng mukha mo Mar Roxas.. Wag kang garapal. Hayaan mong taong bayan ang mag desisyon!,1
110,Poor Binay and Roxas couldn't win oscar despite their entertaining campaign. Oscars,1
1191,[USERNAME] Clearly Rappler is Lenis mouthpiece BBM SARA,1
134, [USERNAME] and [USERNAME] Boy Abunda may ask.. . Kapag gusto mong magnakaw what would you prefer lights on or lights off? BBM : Either. I have more than decades of experience. . Aatras ka ba sa nakawan?BBM : May Marcos bang umaatras? Marcos Duwag Marcos Magnanakaw,1
2264,[USERNAME] Ay nako yung mga pink friends ko screenshots nalang ng wordle nila ang sinasagot sa GC pag nabi bring up ang SMNIpresidentialdebate kagabi. Para change topic hahahaha. Smart questions for smarter voters,1
1973,Leslie Mae Caya (???) [USERNAME] Sana nay gumawa ng Kingmaker tagalog version at accessible sa lahat para makita ng mas maraming tao kung saan dinala yung ibang perang kinurakot ng Pamilya Marcos noon. NOto Marcos Marcos Magnanakaw,1
798,Roxas to Poe mag usap tayo dala ka food ?? Desperate na si Mar ???? Sorry kasi SOLID kami ky Mayor Duterte!,1
2437,Magtanim ng naaayon sa pangangailanganMagtanim ng tit3 sa po Magtanim ng halaman sa po Let The Earth Breath Angat Buhay LahatBarkadahang Pokpok,1
782, [USERNAME] Let Leni Lead to iniduro2022,1
1573,Kapal ng mukha mag run for presidency Pwe! Wala ngang maibigay na concrete plans itong Marcos Jr na to!! Thank you Lord Leni decided to run the best and only choice Angat Buhay Lahat Leni Is My President,1
487,TBH nagtrend pa si Binay sa bago niyang TV ad -_- KMJS11,1
356,Binay: Tatanggalin ko ang income tax HOY GAGO PANO YUNG INARAL KO,1
2014,Roxas Robredo are bulliesno class whatsoever.,1
2011,Binay o Duterte:Are you voting FOR THE LESSER OF 2 EVILS? Choosing the lesser of two evils is still choosing evil,1
163, bbm sara walang originality hahaha kadiri,1
15,Jake EjercitoSandro MarcosSeb DutertePaolo Roxas. Who said Politics is a dirty thing? And then there's Junjun Binay. ha ha,1
16,Busy masyado si binay sa pag batikos sa gobyerno at sa mga TVCs nya nalimutan nya na atang maging responsable. Sorry Not Sorry,1
616,yana [USERNAME][USERNAME] Naalala ko 'to! Naka-uniform pa tayo haha! Marcos Magnanakaw Marco Di Bayani Ibalik Ang ABSCBN,1
1686,May malaking chance na madadaya si Duterte. Mar RoxasLeni Robredo and LP will do everything. Let us pray for our country. Ph Vote Duterte,1
866,DayaangDilaw kahit sino manalo wag lang ai Roxas oBinay,1
1631,Mar Roxas was like 'his' VCM/PCOS Machinesbrainless and was programmed to do the cheating. Shame on you! ?????? No To LP Ph Vote Duterter,1
2322,"""[USERNAME]: Sa tuwing nakakapanood ako ng political ad ni Marmas lalo akong naniniwalang matatalo siya."" YEEEAAAHH!! No To Mar Roxas",1
1699,LJ [USERNAME] If they can do this in a gov't agency like this what more in this coming election?Never Again Marcos MagnanakawRappler [USERNAME] [USERNAME] and [USERNAME] LOOK: People here in Sofitel where the COC filing is being held receive an emergency-like phone alert during the arrival of defeated VP bet and dictator's son Bongbong Marcos. The public usually only gets these notifications during natural calamities. | via [USERNAME],1
2070,Manalo lang talaga si binay or poe tangina goodbye philippines ????,1
1444,BBM's slot in the interview could have just been given to Leody De Guzman. Mukhang mas okay pa siya e. Marcos Magnanakaw Ibalik Ang Ninakaw Hindi Ang Magnanakaw,1
1149,[USERNAME] GISING NA MGA TAGA-MAKATI! Mahaba na masyado ang tulog nyo sa bangungot na dala ng mga Binay.,1
1297,JR Santiago [USERNAME] Marcos MagnanakawBong Banal,1
466,prof: who do you think is the modern day rizal? kupal 1: Manny Pacquiao kupal 2: Jejomar Binay kupal 3: Rodrigo Duterte king ina.,1
916,workinghours a day????? Ulol mo lugaw!!!!,1
1569,If MarGrace &amp; Binay spends billions just to protect their IMAGEDuterte won't even try to. Hindi uso sa kanya ang pakitang tao. Du30,1
702,Marcos Magnanakaw na nga na duwag pa sa interview,1
1812,Nagconcede ka man Maimarwala ka prinnagdala ka pa ng tagapalakpak mo. Binayaran ng daang matuwid ang utang ng Pilipinas? Bobo lang?,1
73,Oh shut up Mar Roxas.,1
1232,Yan din ba ang itinuro nyo kay [USERNAME] kaya pinili nya ang pera ni Mar Roxas? Abscbn Zero Integrity,1
1873,Magulat nalang tayo konti nalang agwat ni roxas Kay duterte ?????? Dayaang Matuwid,1
545,Abay asang asa naman tong si mar roxas bilyon bilyon ang nagagastos sa pangangampanya,1
1217,Jas [USERNAME][USERNAME] and [USERNAME] Hold The Line Never Again Marcos Magnanakaw,1
873,Sabi nila Hindi namamana ng anak ang pagkakamali ng ama... hmmmm pwede pero dapat isama nyo rin s statement nyo na di porke magaling ung ama ganun din un anak.apples to apples dapat Let Leni Lead panalo Natin Pilipinas,1
2477,RT [USERNAME]: Binay vs Nikkoyou'll never know. Nognog ?? PSHROn Kapamilya Blockbuster,1
2428,Bagong pakulo na naman ni Marmagsama na lang kayo ni Binay! ??,1
384,Bago na naman ad ni Binay tae,1
2203,Ang yabang mo Kiko! Isa kang Senador tapos kung umasal ka asal basuraHalalan,1
567,[USERNAME] *protests against social injustices* (55 years later) *perpetuates social injustices* ?? Binay wtf huhu,1
2691,RT [USERNAME]: So sinasabi mo Binay na nog nog lahat ng tao sa Pilipinas? Gago ka ba? Gaya mo pa kami sayo. ????,1
2605,Diko na sasayangin boto ko?? si Si Binay binoto ko dati as VP.pero wala ring magandang ginawa???? Du30 for President,1
1065,Oo nga bakit ayaw pa pong mag-concede ni VP Binay?,1
176,The good thing w/ Mar Roxas is that u don't need to destroy him. Just let him speakhe'll naturally destroy himself. FIGHT FOR DIGONG,1
1084,Bobo spotted Mass Report mga Kakampink Starve The Trolls,1
1338,Matthew MA Millora [USERNAME]ew basuras .yaya pakitapon! hahaha Marcos Magnanakaw Sara ALLuleh yung nagka covid % sa crowd kasi hnd bakunado at walang social distancing lol plottwist,1
2093,RT [USERNAME]: Nabasa ko lang. Hahah laugh trip. Anong pinagkaiba ni Binay kay Alma? Si binay nog-nog. Si alma moreno Showtime ULtimate Ki L,1
1341,DU30 Election2016 Bilang Pilipino KAKARMAHIN KA ROXAS HINTAYIN MO LANG ??????,1
107,KAHIT BIRTHDAY NI BINAY NGAYONI STILL HATE HIM -_- BABATIKUSIN KO PA DIN MGA TVC NIYA HAHAHA =))) Psy Sabog,1
1751,Wellthe Binay radio ad is fucking annoying. LIES.,1
1484,Hayaan mong ibang tao ang pumuri sau madumb leni di mo na mahintay na purihin ka,1
2172,[USERNAME] The Marcos claim of unity is as fake as the Oxford degree he claims to have. Pula Ang Kulay Ng Magnanakaw,1
1718,[USERNAME] [USERNAME] hahahahahaha. Kea nga ee shet binay! Hahahadat ganyan tayo!,1
1004,"[USERNAME] holy shit di lang pala si duterte ang may ""dutertards"" shet this country!!!! ??????",1
396,daphine3 [USERNAME][USERNAME] Rebrand Marcos Magnanakaw ..sige Marcos Mandarambong na lang,1
249,Haaahaaay! Binay napod,1
225,RT [USERNAME]: Omg maputi pala si binay ???? hahaha,1
1402,RT [USERNAME]: [USERNAME] adik ung mga batang un sis bkit di nila i hack ung bank account ni Binay para may saysay sila..hahaha Aldub Ne,1
1845,Hay Binay drama nanaman po.,1
1612,Marcos Magnanakaw Never Again Imelda Iselda From cre a tive,1
1418,Grabe mga headlines sa Peoples Tonight na blatantly biased against[USERNAME] [USERNAME]But then owned by a Romualdez apparently Robredo President peoples tonight Halalan,1
476,muntanga. BOBO MO BINAY.,1
609,Ishiness [USERNAME] Just me being me Marcos Magnanakaw,1
2152,Hindi naman pro communist si BBM! Sino kaya ang nag sulsul kay PRRD? Sino kaya ang nasa tabi nya lageSomething fishy,1
1078,Galawang Desperado Mar Roxas! ???? Election2016,1
55,Basta ako isa lang masasabi ko sau MARCOS JR. Marcos Duwag Marcos Magnanakaw Marcos Sinungaling marcosweak Ka!!!!,1
349,Rosas is the literal translation of pink mga ogovs Kulay Rosasang Bukas Pula Ang Kulay Ng Magnanakaw,1
2435,Ombudsman being its oldbiased selfBinay camp[USERNAME] [USERNAME],1
2658,[USERNAME] [USERNAME] [USERNAME] papalitan na ni Binay ang record ng mga Marcos sa Guiness under govt theft.,1
1047,Theres an all out attack against the dictators son[USERNAME]from all campsHe has at leastpercent soft voters ready to switch anytime ReadyAimFire!Switch To Isko Bilis Kilos Halalan,1
1945,NA-BINAY ka na ba?! ??,1
1562,Calling all lawyers for LBM Libel ang tawaging sinungaling ang client nyo Go kaya nyo ba sabihing hindi? Kaya today? sinungaling Angat Buhay Lahat,1
1159,Practice what you preach bobong leni basta ako BBM SARA,1
18,For me this should wake people up who are still supporting Bongbong Marcos who saidWhat am I to say sorry about?when asked about all the plunder and atrocities done during the Martial Law eraNever Again Never Forget PH Vote Vote PH Halalan,1
424,Tumigil tigil ka Mar Roxas ah.,1
994,SnowyBill [USERNAME] [USERNAME] and [USERNAME] Marcos Jr Tax Evader Marcos Magnanakaw,1
780,Nakakairita yung commercial ni Binay. Nakakatawang nakakabwisit. ??,1
981,Imelda Iselda Marcos Magnanakaw,1
538,P500 per 'hakot' na tao na papalakpak sayo sa sortie mo? Niloloko mo sarili moGrace Poe? Naku Poe Huwag Poe2016 ????,1
1961,Birthday wish ko kay Binay? Pumuti siya ng Redford White level para di na magamit ang kaitiman sa paawa story niya!,1
630,Walang katotohanan ang hindi nabubunyag! Lilitaw din ang pagwalang kwenta ng madumb leni!,1
705,just_pits [USERNAME][USERNAME] Yung manok mo ngumingiwi bibig! Puro lang kayo memes! Dyusme! Marcos Magnanakaw pa rin! That's a FACT!,1
2218,[USERNAME] [USERNAME] [USERNAME] [USERNAME] [USERNAME] huwaw sa nognog nahiya si binay sa kulay mo hahaha Aldub14th Weeksary,1
1582,[USERNAME] miss you sceve ?? nagpapamiss ka pa kingama ka talaga binay hahaha read my dm :* long sweet message yon hahaha,1
2795,Marcos Magnanakaw Marcos Nota Hero Marcos Jr Si BBM,1
737,RT [USERNAME]: May bago palang advert si Binay? Hahahaha. Oily Binay hahaha joke Only Binay,1
2644,I am starting to hate Binay's advertisements.... it seems fake and too forced. Ln Lost Sana Ma Found,1
1719,Bakit daw walang prominenteng Pilipinong philosopher. Di rinsi Binay lang pasok na. Pilosopo ang walang kwente bise presidente eh.,1
1135,Migs Zubiri is the worst kind of snake there is Robredo For President Abante Babae Angat Buhay LahatKiko Pangilinan Vice President,1
1877,"yung mga babym supporters bakit kaya ganoon sila katanga, wala ba silang napagaralan?",1
838,Binay pls lang magtigil ka na,1
473,Sagot palang ni marcos sya na boboto ko eh kesa sa dalawang engot lalo kay leni puro pangpupuna kay bbm hahahahahaha gumawa ka nalang ng live action mo na dragon ball Go BBM Leni Duwag BBM SARA,1
834,Pula Ang Kulay Ng Magnanakaw Pula Ang Kulay Ng Posas bl3ngbl0ng,1
354,RJ Naguit [USERNAME] Kaka-youtube mo yan eh.Marcos Magnanakaw Never Again : / :,1
479,"RT [USERNAME]: Quotang quota na sa pity to appeal itong si Binay using the term ""Nognog"" to describe himself.",1
353,Natawa ako sa naisip ko. Hahaha Compare nga naman sa laki ng BG na naka blue kay Binay. Baka nga malunod s'ya. Haha!,1
534,[USERNAME] racist kasi si binay. kaya inaaway niya sarili niya.,1
887, [USERNAME] and [USERNAME] Kaya nga nakakainis mga galawan nang kabila lahat gagawin para manalo super sakim sa kapangyarihan. SNUNGALNG TALAGA HANGGANG DULO. Ang tanga talaga nang mga tao maniwala pa sa fake news. Let Leni Lead,1
2668,AnoBinaykukunin mo yung Sabah? Tell meano pa bang hindi sayo na hindi mo pa tinatangkang angkinin? Tangina Mo Sagad,1
43,Mga screenshots ko lumalabas loko to si panyang-binay,1
1331,If Mar is BatMarBinay is Bane-ay.,1
787,Because they are desperate. DUTERTE TILL THE END,1
1502,putangina mo mar roxas Ayaw Sa DILAW,1
1129,F*ck you ka bente. Hati kayo ni binay :D,1
1284,Nakakabadtrip naman tong commercial ni binay ! namo kang negro ka ah HAHAHAHA,1
1990,"A word to describe VP BinayTrillanes said: ""Greed."" MBHot Seat Trillanesin MB Halalan2016",1
2164,putangina bat pinagtatanggol si doc willie ong mga lason,1
2002,Nog nog nog sumeora /le sings astro's hide&amp;seek/ ang nognog ko na naman pamangkin na po ako ni binay hahahahahahaha!,1
2194,BOBO-to niyo parin ba si Mar Roxas?,1
251,Bakit puro katangahan yung palabas na ito? Leni On MMK MMKIna Roxas Robredo2016 ABS-CBN FAIL,1
1089,Lakas maka pu*ang ina ng advertisement ad ni Binay.,1
2231,Why ONCE IN A LIFETIME? If he wins ba hindi nyo na ba siya MAABOT? ???? PHVote Roxas PiliPinas 2016 PH Vote,1
2075,kailan ba tatahimik tong alagad ni leni lutang gago nakakainit sila ng ulo patayin q sila e,1
332,[USERNAME] Comelec talaga ang kalaban natin hindi si BOBOng marcrooks o sino pa man diyan na kandidato its VP Leni Robredo vs COMELEC Halalan,1
1758,Hoyyyy kiko daming tawa ng madla sa statement mong ito hahahahhaha[USERNAME]that means waleyyy na kayong dating sa masang Pilipino!!! Halalan,1
2533,Walang susuko.. ganyan si Binay. HAHAHAHA,1
324,Bwisit ning Binay na commercial ha!,1
2335, have never met a BBM supporter who can give me a straight answer whenask why they support him. Laging ang sagot eh si Leni kasi ganito ganyan  Bukod sa pride ano pang ibang rason mo? Let Leni Lead BBMNumber1 Sinungaling,1
842,"Fil [USERNAME]""The law is the law. No one is above the law."" pero pag subject to the law na yung idol nila ipapagtanggol? Mag cancelledt-culture naman kayo jan kahit minsan lang.Marcos Magnanakaw Protect Ph From Marcos Jr ",1
2176,THESE LENI APOLOGISTS ARE WORSE THAN HINAHAMAK NILANG DDS! MAGARAL MUNA NG BASIC ELEMENTARY LESSONS GAYA NG ILANG ISLANDS MERON SA PH BAGO TUMAKBONG PRESIDENTE!! Leni Duwag Angat Buhay Lahat Let Leni Lead,1
709,Marcos Magnanakaw hahaha,1
1807,Si Binay nasa BuhiCamarines Sur at sa probinsya ko pa pumunta kaLETSE! Sa mga probinsya NANLOLOKO ANG LOKO. No To Binay 2016,1
591,"""I am PCOS Machine and my President is ROXAS and Vice President is LENI ROBREDO."" Dayaang Matuwid Dayaan Moves",1
1879,Parehas kami relo ni binay wtf,1
2079,ping NO TO TOFI! [USERNAME][USERNAME] And you think walang kasalanan ang anak sa sala sa ama? NEVER AGAIN Marcos Magnanakaw,1
2639,RT [USERNAME]: Aray. Kelan matatapos itong nakakasulasok na pagkakamkam ni Binay at ng pamilya nia sa pera ng Pilipinas?,1
944,Before matulog number 1 si dutertePag katapos matulog number 1 na si roxas. Blackmagic,1
1776,Nagsisimula na akong mag-unfriend lalo na sa mga wala namang ambag sa life ko for the past few years tapos enabler pa ng magnanakaw at corruption. Putangina nyo walang friends friends sakin. Marcos Magnanakaw Marcos Sinungaling Marcos Duwag Marcos NOTa Hero,1
2404,Anybody but Binay!,1
1055,ano na lang mangyayari sa Pilipinas kung mananalo si Binay. shame,1
624, [USERNAME] Funny how you correct terms that are commonly confused by non medical people while blinded by the glaring truth about the marcoses. Marcos Magnanakaw,1
2128,ANG INGAY NG KAMPON NI MAR ROXAS DITO. DI AKO MAKATULOG. ??,1
1530,Sobrang naiirita na ako sa political ad ni Binay. Puttanesca pasta spag. [Daming peraaba. 500K ang 30 seconds sa primetime. Grabe.] ??,1
1750,null [USERNAME]Here I present to you an actual troll account. Nung October lang ginawa tapos puro Marcos tweets? HAHAHAHAHAA BONGBONG DESPERADO! DALAWANG BESES KANG MATATALO! BBMSingaw Ng Bayan Disqualify Marcos Protect PHFrom Marcos Marcos Magnanakaw Fuck You Marcos Never AgainSOLID-BBM [USERNAME]The best among the rest.. MARCOS LATTA Laban Marcos Jr,1
2201,Only Binay ang putangina.,1
1231,"Toni: ""Ano ang katangian niyo kung kaya't dapat kayong maging Big Winner?"" Binay: ""Nognogpandakat laki sa hirap.""",1
577,Andto nnman yung commercial ni binay ??,1
2704, r Philippines [USERNAME] Dec Leody De Guzmans Platform is absolutely Crazy Talk redditcom r Philippines on Reddit Leody De Guzmans Platform is absolutely Crazy Talk Posted by u citus334votes andcomments,1
1939,Nognogpandaklaki sa hirapsi Binay ba yan? Random Thoughts Aldub New Journey,1
942,instant BV sa ad ni binay,1
188,Nangunguna si Duterte. ???????????? Pero dahil nasa Administration si Mar. Dadayain yun at si Roxas ang mananalo. HAHA. Hustisiya naman please.,1
298,[USERNAME] BM SARAsila ng magaling hindi kagaya ng mga kandidato nyo na puro paninira ang alam kay BBM! Kung ano ano ang itinu turo sainyo na manira ng kapwa!,1
1974,[USERNAME] Walang ginawa kundi ngumawaPabigat sa Gobyerno at utak TalangkaPrayoridad nya ay kanyang Partido hindi ang PilipinoPagkakataon na tanggalin itong bulok at Trapo sa SenadoDo Not Vote[USERNAME] BBM SARA,1
1827,"""kinain ng politika"" sabi ng taong walang pake sa iba at sariling interes lang ang iniisip. Marcos Magnanakaw Marcos Is Not My President",1
1473,STELLA NINA [USERNAME]UTANG NATING MGA FILIPINO ANG YAMAN NG MGA MARCOS. KAYA AFFORD NILANG BALUKTUTIN ANG HUSTISYA. Marcos Magnanakaw IBASURA SI MAKOY JR! NO WAY GAWING PRESIDENTE YAN PARA PROTEKSYONAN ANG MGA NINAKAW NG MAGULANG NA HINDI PA NAIBABALIK SA BAYAN ! VOTE WISELYDapat Si Leni,1
1354,mamatay na bumoto kay mar roxas!!!!,1
2046,Question: Do Grace/Binay/Digong attack each other? Hindi noh? They all attack Mar! Evil Conspiracy to bring us back to dark times...,1
446,Mar roxas 2nd place??? Damn nigga,1
318,Pakyu binay! -Shernan.,1
1901,[USERNAME] tangina ng PLDT eh pakyu sila sama sila ni Mar Roxas,1
1789,Hahahahhaa kakulay ni binay ampota! ?? mahal tingnan mo sayo [USERNAME],1
665, Tigilan na natin si Iska wala naman tayo mapapala dyan. Panuorin na lang natin to. We Decide,1
2797,In the CNN debate for VPManny SD Lopez looked like the only reasonable adult in the room whileBello looked like Grampa Simpson having a dementia episode.,1
2320,TWITTER Ang LUNGGA ng mga IYAKING TALUNAN! Hypocrites Kakampink,1
2213,why some people think that Mar Roxas is humble and down-to-earth when he asked the other presidentiables to concede for Unity? PH Vote Du30,1
1230,Uhm if I mayI like to askWHY THE FUCK IS MAR ROXAS ON THE SECOND FRICKING POSITION!?,1
907,Palapit lapit pa 'to si Binay as if may mafeel kaming connection. Ulol Binay Trapong ina ka! Pili Pinas Debates2016,1
2232,Daming nasilaw ng peraKaway kaway sa mga nautp ni Leni Robredo at Mar Roxas. Bukas na ang impyerno pasok nalang kayo! ??,1
569,mapanood yung patalastas ni Binay na walang kwenta.,1
1858,Parody account ba ito? O secret message ni Honasan to the cyberspace na nabudol budol siya ni Binay? ??????,1
854,I am petitioning an EDSA People Power if Mar Roxas wins. I swear to God. My will is for the truth.,1
2769,[USERNAME] masakit talagang lesson yan kung wala kang respeto sa kapwa mo tao wag mo asahan yung respeto na yun sa ibang tao :) sana okay ka lang! Let Leni Lead sko Tayo Bbm,1
1021,Excuse me Mr. Binay hindi namin katulad ang buhay niyo. Wala kaming access sa milyong milyong pera ng bayan na inangkin niyo.,1
1455,buying votes of the filipino people? well binay. i pity you.,1
351,Kaya pala double effort ang mga trolls ni Binay ngayon. Takot na takot na. . change is coming Duterte Cayetano,1
1900,na ba? Or Let Leni Lead na? Kailangan na talaga ng Husay At Tibay! Para huwag nang makabalik ang Marcos Magnanakaw !,1
1043,SerendipityToo [USERNAME] Never Again Marcos Magnanakaw Sila ulit?? :,1
2136,RT [USERNAME]: Tanginang talaga tong binay samok yang nog nog nog nog Pandak Laki sa hirap hahaya,1
2240,Pag isipan nyo mabuti. Hindi dapat iboto si duterteVP Binay ang karapat dapatPATAY KA KAY DUTERTE Mambobolang Duterte,1
118,[USERNAME] if manalo si Grace Poepuro showbiz nanaman and gobyerno! no to poe binay 2016,1
1876,Parang EDSA People Power sweeping the nation! Huwag magpaloko!Kaya natin to! Never Forget PH Vote Vote PH Halalan,1
1998,Sobrang ako yung nag ci-cringe kapag si Binay ang sumasagot.Pili Pinas Debates 2016,1
91,Nakakastress tong pagmumuka ni binay. Leche,1
2368,Daming tv ad ni Binay. Pampasira ng araw!,1
2296,NOGNOG. PANDAK. CORRUPT. AYAN SI BINAY,1
2666,[USERNAME] Nagkakamali din naman ako sa english pero di naman ako naniniwala sa Fake news Yun lang ang nilamang ko sa inyo PERIODT!!And Lastly applicable lang ang Radikal Magmahal sa mga taong di walanghiyaDI TULAD NYO!! Let Leni Kiko Lead,1
1676,TANGINA NITO NI BINAY HIRAP KAUSAP,1
2779,[USERNAME] [USERNAME] No to Corrupt Binay Family,1
2409,Ako lang ba naiirita sa commercial ni Binay? ??,1
1186,sarap suntukin nito,1
1417,Nakakaloko tong mga commercial ni Binay. Mas lalo siyang nagmumukhang guilt. Tssk. Ulul!,1
433,AFP modernization natuloy natutupad under pnoy admin. hindi yan matutuloy if binay or duterte wins. mga pro china n communist sila,1
281,Wag ka lang manalo Binaynakatulong kana sa pilipinas,1
2647,Pag si roxas o binay nanalo tangina suntukan talaga yan!,1
2393,PoeBinay and Roxas all have premature campaign ads on TV. Miriam? None. Not even a single print ad. And people hate her?,1
426,Binay at Duterte sobrang mema. Puro motherhood statements. May impossible 'solutions'. Inconsistent. I am sure I won't vote for them.,1
1526,Itutuloy nya daw yung daang matuwid. Wag kami Mar Roxas. Hatawin kaya kita ng tuwid na kawayan. Vote Maine FPP KCA,1
164,kung si leni man ang mananalo o kung sino mansana hanggang huli kakampi nila ang presidente. hindi kagaya ni pnoy at binay na puro sisihan,1
1985,I liked a [USERNAME] video from [USERNAME]Duterte on Mar Roxas: He's the most incompetent Filipino to,1
365,Bakit si Binay tangina? Bakit si Binay tangina? BAKIT SI BINAY TANGINAAAAAA?,1
1597,Wag na wag ko lang malalaman na buhay ni Mar Roxas ang susunod aa MMK. wag lang talaga!ABS-CBN ONE SIDED,1
264,[USERNAME] Nilaglag na ng mga dds si narcos nyo ilaglag nyo na kasi si sararat at kay doc willie ong na lang kayo dyang tanga ilocos,1
1294,Si Digong nagsalita na! Hahaha bakit kaya sila nagkukumahog na sila? May survey yata silang alam na di natin alam??? Hahahahaha. Let Leni Lead Leni For President,1
229,Cant believe that Binay is actually considering a joint exploration of our land with China whats next?sell our country? NO to BINAY stupid,1
2693,From DJ Loonyo to Lito Atienza real quick.,1
2054,[USERNAME] pg sipsip si Mar na agad yn. Only Binay In Makati San Ka Pa Abby Binay for 2016 mayor,1
1398,Jusko trillanes araw araw n lng yang putak mo...Duterte Pa Rin,1
2341,Sa pagtakbo ni Dutertslalo lang nyang ipinapanalo si Binay. Hay nako!,1
519,[USERNAME][USERNAME] and [USERNAME] Ung iba nag eefort mapasama lng dyan sa Guiness...pero ang idol mng Marcos Magnanakaw e effortless na napasama dyan...kasi likas ang pagiging magnanakaw nila,1
2551,THE FVCK? WE CHUS M<RCOOS S TRENDNG?! DAFUQ. Let Leni Lead Let Leni Lead,1
1499,Isa kang bobo na concerned citizen Ryan. Sweldo yan ni VP sa serbisyo nya sa bansa. Magtaka ka dun sa walang trabaho ng ilang taon pero may pang AMANPULO. Marcos Magnanakaw Kumusta Kakampink,1
1560,Philippine Journal [USERNAME] Promo free Marcos Magnanakaw on pink background virtual decals stickers pubmat here,1
288,[USERNAME] Meron pang Pula Ang Kulay Ng Posas,1
1389,"RT [USERNAME]: Toni: ""Ano ang katangian niyo kung kaya't dapat kayong maging Big Winner?"" Binay: ""Nognogpandakat laki sa hirap.""",1
2215,Babaliktarin lahat para lang bumango ang mga tunay na magnanakaw! tsk tsk! VP Binay naman may nagawa! Only Binay Nognog,1
1372,Para lang may sumalubongP500 kada tao? Wow. Papangalanan ko naMr. Mar Roxas? Ba't ka ganyan? :(,1
1887,ANG DRAMA MO MAR ROXAS SO SHUT UP,1
2314,[USERNAME] hindi no. not referring to the real bbm btw.Marcos Duwag,1
395,Rappler [USERNAME] Participants change their display names to 'Never Again' 'Marcos Magnanakaw' and 'Marcos Diktador' in webinar attended by Sandro Marcos.,1
